{
    "data":{
        "attributes":{
            "normal":{
                "itemSize":3,
                "type":"Float32Array",
                "array":[0.0877537,-0.489101,0.867801,0.0877537,-0.489101,0.867801,0.0877537,-0.489101,0.867801,0.259888,-0.487404,0.833604,0.259888,-0.487404,0.833604,0.259888,-0.487404,0.833604,0.422036,-0.484076,0.766523,0.422036,-0.484076,0.766523,0.422036,-0.484076,0.766523,0.567964,-0.479243,0.669136,0.567964,-0.479243,0.669136,0.567964,-0.479243,0.669136,0.692067,-0.473092,0.545186,0.692067,-0.473092,0.545186,0.692067,-0.473092,0.545186,0.789573,-0.465859,0.399437,0.789573,-0.465859,0.399437,0.789573,-0.465859,0.399437,0.856737,-0.457822,0.237489,0.856737,-0.457822,0.237489,0.856737,-0.457822,0.237489,0.890977,-0.44929,0.0655655,0.890977,-0.44929,0.0655655,0.890977,-0.44929,0.0655655,0.890977,-0.440591,-0.109725,0.890977,-0.440591,-0.109725,0.890977,-0.440591,-0.109725,0.856737,-0.43206,-0.28165,0.856737,-0.43206,-0.28165,0.856737,-0.43206,-0.28165,0.789574,-0.424023,-0.443596,0.789574,-0.424023,-0.443596,0.789574,-0.424023,-0.443596,0.692067,-0.41679,-0.589347,0.692067,-0.41679,-0.589347,0.692067,-0.41679,-0.589347,0.567965,-0.410639,-0.713296,0.567965,-0.410639,-0.713296,0.567965,-0.410639,-0.713296,0.422036,-0.405806,-0.810683,0.422036,-0.405806,-0.810683,0.422036,-0.405806,-0.810683,0.259888,-0.402477,-0.877764,0.259888,-0.402477,-0.877764,0.259888,-0.402477,-0.877764,0.0877542,-0.40078,-0.911962,0.0877542,-0.40078,-0.911962,0.0877542,-0.40078,-0.911962,-0.0877542,-0.40078,-0.911962,-0.0877542,-0.40078,-0.911962,-0.0877542,-0.40078,-0.911962,-0.259889,-0.402477,-0.877764,-0.259889,-0.402477,-0.877764,-0.259889,-0.402477,-0.877764,-0.422036,-0.405806,-0.810683,-0.422036,-0.405806,-0.810683,-0.422036,-0.405806,-0.810683,-0.567965,-0.410639,-0.713296,-0.567965,-0.410639,-0.713296,-0.567965,-0.410639,-0.713296,-0.692067,-0.41679,-0.589346,-0.692067,-0.41679,-0.589346,-0.692067,-0.41679,-0.589346,-0.789573,-0.424023,-0.443597,-0.789573,-0.424023,-0.443597,-0.789573,-0.424023,-0.443597,-0.856737,-0.43206,-0.281648,-0.856737,-0.43206,-0.281648,-0.856737,-0.43206,-0.281648,-0.890977,-0.440591,-0.109725,-0.890977,-0.440591,-0.109725,-0.890977,-0.440591,-0.109725,-0.890977,-0.44929,0.065566,-0.890977,-0.44929,0.065566,-0.890977,-0.44929,0.065566,-0.856737,-0.457822,0.23749,-0.856737,-0.457822,0.23749,-0.856737,-0.457822,0.23749,-0.789573,-0.465859,0.399437,-0.789573,-0.465859,0.399437,-0.789573,-0.465859,0.399437,-0.692066,-0.473092,0.545187,-0.692066,-0.473092,0.545187,-0.692066,-0.473092,0.545187,-0.567964,-0.479243,0.669137,-0.567964,-0.479243,0.669137,-0.567964,-0.479243,0.669137,-0.422035,-0.484076,0.766523,-0.422035,-0.484076,0.766523,-0.422035,-0.484076,0.766523,-0.259887,-0.487404,0.833604,-0.259887,-0.487404,0.833604,-0.259887,-0.487404,0.833604,-0.0877538,-0.489102,0.867801,-0.0877538,-0.489102,0.867801,-0.0877538,-0.489102,0.867801,6.51926e-09,0.998771,0.0495645,6.51926e-09,0.998771,0.0495645,6.51926e-09,0.998771,0.0495645,1.50427e-08,0.998771,0.0495708,1.50427e-08,0.998771,0.0495708,1.50427e-08,0.998771,0.0495708,2.13507e-07,0.998771,0.049565,2.13507e-07,0.998771,0.049565,2.13507e-07,0.998771,0.049565,4.06053e-06,0.998771,0.0495683,4.06053e-06,0.998771,0.0495683,4.06053e-06,0.998771,0.0495683,1.04862e-07,0.998771,0.0495643,1.04862e-07,0.998771,0.0495643,1.04862e-07,0.998771,0.0495643,-1.23912e-05,0.998771,0.0495644,-1.23912e-05,0.998771,0.0495644,-1.23912e-05,0.998771,0.0495644,2.43279e-06,0.998771,0.0495645,2.43279e-06,0.998771,0.0495645,2.43279e-06,0.998771,0.0495645,1.36318e-06,0.998771,0.0495622,1.36318e-06,0.998771,0.0495622,1.36318e-06,0.998771,0.0495622,-1.08694e-07,0.998771,0.0495647,-1.08694e-07,0.998771,0.0495647,-1.08694e-07,0.998771,0.0495647,0,0.998771,0.0495703,0,0.998771,0.0495703,0,0.998771,0.0495703,2.40681e-07,0.998771,0.049565,2.40681e-07,0.998771,0.049565,2.40681e-07,0.998771,0.049565,-4.67387e-06,0.998771,0.0495595,-4.67387e-06,0.998771,0.0495595,-4.67387e-06,0.998771,0.0495595,-7.31357e-06,0.998771,0.0495617,-7.31357e-06,0.998771,0.0495617,-7.31357e-06,0.998771,0.0495617,4.65834e-08,0.998771,0.0495644,4.65834e-08,0.998771,0.0495644,4.65834e-08,0.998771,0.0495644,1.36645e-06,0.998771,0.0495635,1.36645e-06,0.998771,0.0495635,1.36645e-06,0.998771,0.0495635,-8.92752e-07,0.998771,0.0495657,-8.92752e-07,0.998771,0.0495657,-8.92752e-07,0.998771,0.0495657,8.85079e-07,0.998771,0.0495617,8.85079e-07,0.998771,0.0495617,8.85079e-07,0.998771,0.0495617,1.51431e-08,0.998771,0.0495642,1.51431e-08,0.998771,0.0495642,1.51431e-08,0.998771,0.0495642,-5.8804e-07,0.998771,0.0495638,-5.8804e-07,0.998771,0.0495638,-5.8804e-07,0.998771,0.0495638,-1.10124e-06,0.998771,0.0495648,-1.10124e-06,0.998771,0.0495648,-1.10124e-06,0.998771,0.0495648,-6.34414e-07,0.998771,0.049566,-6.34414e-07,0.998771,0.049566,-6.34414e-07,0.998771,0.049566,-0,0.998771,0.0495645,-0,0.998771,0.0495645,-0,0.998771,0.0495645,9.11179e-07,0.998771,0.0495651,9.11179e-07,0.998771,0.0495651,9.11179e-07,0.998771,0.0495651,-1.76201e-07,0.998771,0.0495644,-1.76201e-07,0.998771,0.0495644,-1.76201e-07,0.998771,0.0495644,-4.11583e-07,0.998771,0.0495648,-4.11583e-07,0.998771,0.0495648,-4.11583e-07,0.998771,0.0495648,-2.02082e-07,0.998771,0.049564,-2.02082e-07,0.998771,0.049564,-2.02082e-07,0.998771,0.049564,-2.24841e-07,0.998771,0.0495646,-2.24841e-07,0.998771,0.0495646,-2.24841e-07,0.998771,0.0495646,3.36803e-08,0.998771,0.0495645,3.36803e-08,0.998771,0.0495645,3.36803e-08,0.998771,0.0495645,3.08736e-07,0.998771,0.0495639,3.08736e-07,0.998771,0.0495639,3.08736e-07,0.998771,0.0495639,4.61005e-08,0.998771,0.0495643,4.61005e-08,0.998771,0.0495643,4.61005e-08,0.998771,0.0495643]
            },
            "position":{
                "itemSize":3,
                "type":"Float32Array",