{
    "data":{
        "index":{
            "array":[0,1,2,3,4,5,6,7,8,9,10,11,12,13,14,15,16,17,18,19,20,21,22,23,24,25,26,27,28,29,30,31,32,33,34,35,36,37,38,39,40,41,42,43,44,45,46,47,48,49,50,51,52,53,54,55,56,57,58,59,60,61,62,63,64,65,66,67,68,69,70,71,72,73,74,75,76,77,78,79,80,81,82,83,84,85,86,87,88,89,90,91,92,93,94,95,96,97,98,99,100,101,102,103,104,105,106,107,108,109,110,111,112,113,114,115,116,117,118,119,120,121,122,123,124,125,126,127,128,129,130,131,132,133,134,135,136,137,138,139,140,141,142,143,144,145,146,147,148,149,150,151,152,153,154,155,156,157,158,159,160,161,162,163,164,165,166,167,168,169,170,171,172,173,174,175,176,177,178,179,180,181,182,183,184,185,186,187,188,189,190,191,192,193,194,195,196,197,198,199,200,201,202,203,204,205,206,207,208,209,210,211,212,213,214,215,216,217,218,219,220,221,222,223,224,225,226,227,228,229,230,231,232,233,234,235,236,237,238,239],
            "itemSize":1,
            "type":"Uint16Array"
        },
        "attributes":{
            "position":{
                "array":[-0.247228,-2.74988,0.486081,0.425323,-0.850654,0.309011,-0.162456,-0.850654,0.499995,0.723607,-0.447219,0.525725,0.425323,-0.850654,0.309011,2.67332,-1.27773,-0.0238811,-0.247228,-2.74988,0.486081,-0.162456,-0.850654,0.499995,-0.52573,-0.850652,3.71832e-08,-0.247228,-2.74988,0.486081,-0.52573,-0.850652,3.71832e-08,-0.162456,-0.850654,-0.499995,-0.247228,-2.74988,0.486081,-0.162456,-0.850654,-0.499995,0.425323,-0.850654,-0.309011,0.723607,-0.447219,0.525725,2.67332,-1.27773,-0.0238811,0.951058,1.35074e-08,0.309013,-0.276388,-0.44722,0.850649,1.20066,-1.26459,2.52388,0,4.37114e-08,1,-0.894426,-0.447216,1.95484e-08,-2.49139,-1.33794,1.99986,-0.951058,1.35074e-08,0.309013,-0.276388,-0.44722,-0.850649,-1.96628,-1.78271,-1.18653,-0.587786,-3.53632e-08,-0.809017,0.723607,-0.44722,-0.525725,1.00172,-1.46153,-2.33346,0.587786,-3.53632e-08,-0.809017,0.723607,-0.447219,0.525725,0.951058,1.35074e-08,0.309013,0.587786,3.53632e-08,0.809017,-0.276388,-0.44722,0.850649,0,4.37114e-08,1,-0.587786,3.53632e-08,0.809017,-0.894426,-0.447216,1.95484e-08,-0.951058,1.35074e-08,0.309013,-0.951058,-1.35074e-08,-0.309013,-0.276388,-0.44722,-0.850649,-0.587786,-3.53632e-08,-0.809017,0,-4.37114e-08,-1,0.723607,-0.44722,-0.525725,0.587786,-3.53632e-08,-0.809017,0.951058,-1.35074e-08,-0.309013,0.276388,0.44722,0.850649,2.28443,1.21397,0.864158,0.162456,0.850654,0.499995,-0.723607,0.44722,0.525725,-0.224546,1.52063,3.08568,-0.425323,0.850654,0.309011,-0.723607,0.447219,-0.525725,-2.74942,1.31031,0.0499449,-0.425323,0.850654,-0.309011,0.276388,0.44722,-0.850649,-1.34421,1.18488,-2.83058,0.162456,0.850654,-0.499995,0.894426,0.447216,-1.95484e-08,2.50031,0.954508,-1.9833,0.52573,0.850652,-3.71832e-08,0.52573,0.850652,-3.71832e-08,0.162456,0.850654,-0.499995,0.107,2.99163,0.0205374,0.52573,0.850652,-3.71832e-08,2.50031,0.954508,-1.9833,0.162456,0.850654,-0.499995,2.50031,0.954508,-1.9833,0.276388,0.44722,-0.850649,0.162456,0.850654,-0.499995,0.162456,0.850654,-0.499995,-0.425323,0.850654,-0.309011,0.107,2.99163,0.0205374,0.162456,0.850654,-0.499995,-1.34421,1.18488,-2.83058,-0.425323,0.850654,-0.309011,-1.34421,1.18488,-2.83058,-0.723607,0.447219,-0.525725,-0.425323,0.850654,-0.309011,-0.425323,0.850654,-0.309011,-0.425323,0.850654,0.309011,0.107,2.99163,0.0205374,-0.425323,0.850654,-0.309011,-2.74942,1.31031,0.0499449,-0.425323,0.850654,0.309011,-2.74942,1.31031,0.0499449,-0.723607,0.44722,0.525725,-0.425323,0.850654,0.309011,-0.425323,0.850654,0.309011,0.162456,0.850654,0.499995,0.107,2.99163,0.0205374,-0.425323,0.850654,0.309011,-0.224546,1.52063,3.08568,0.162456,0.850654,0.499995,-0.224546,1.52063,3.08568,0.276388,0.44722,0.850649,0.162456,0.850654,0.499995,0.162456,0.850654,0.499995,0.52573,0.850652,-3.71832e-08,0.107,2.99163,0.0205374,0.162456,0.850654,0.499995,2.28443,1.21397,0.864158,0.52573,0.850652,-3.71832e-08,2.28443,1.21397,0.864158,0.894426,0.447216,-1.95484e-08,0.52573,0.850652,-3.71832e-08,0.951058,-1.35074e-08,-0.309013,2.50031,0.954508,-1.9833,0.894426,0.447216,-1.95484e-08,0.951058,-1.35074e-08,-0.309013,0.587786,-3.53632e-08,-0.809017,2.50031,0.954508,-1.9833,0.587786,-3.53632e-08,-0.809017,0.276388,0.44722,-0.850649,2.50031,0.954508,-1.9833,0,-4.37114e-08,-1,-1.34421,1.18488,-2.83058,0.276388,0.44722,-0.850649,0,-4.37114e-08,-1,-0.587786,-3.53632e-08,-0.809017,-1.34421,1.18488,-2.83058,-0.587786,-3.53632e-08,-0.809017,-0.723607,0.447219,-0.525725,-1.34421,1.18488,-2.83058,-0.951058,-1.35074e-08,-0.309013,-2.74942,1.31031,0.0499449,-0.723607,0.447219,-0.525725,-0.951058,-1.35074e-08,-0.309013,-0.951058,1.35074e-08,0.309013,-2.74942,1.31031,0.0499449,-0.951058,1.35074e-08,0.309013,-0.723607,0.44722,0.525725,-2.74942,1.31031,0.0499449,-0.587786,3.53632e-08,0.809017,-0.224546,1.52063,3.08568,-0.723607,0.44722,0.525725,-0.587786,3.53632e-08,0.809017,0,4.37114e-08,1,-0.224546,1.52063,3.08568,0,4.37114e-08,1,0.276388,0.44722,0.850649,-0.224546,1.52063,3.08568,0.587786,3.53632e-08,0.809017,2.28443,1.21397,0.864158,0.276388,0.44722,0.850649,0.587786,3.53632e-08,0.809017,0.951058,1.35074e-08,0.309013,2.28443,1.21397,0.864158,0.951058,1.35074e-08,0.309013,0.894426,0.447216,-1.95484e-08,2.28443,1.21397,0.864158,0.587786,-3.53632e-08,-0.809017,0,-4.37114e-08,-1,0.276388,0.44722,-0.850649,0.587786,-3.53632e-08,-0.809017,1.00172,-1.46153,-2.33346,0,-4.37114e-08,-1,1.00172,-1.46153,-2.33346,-0.276388,-0.44722,-0.850649,0,-4.37114e-08,-1,-0.587786,-3.53632e-08,-0.809017,-0.951058,-1.35074e-08,-0.309013,-0.723607,0.447219,-0.525725,-0.587786,-3.53632e-08,-0.809017,-1.96628,-1.78271,-1.18653,-0.951058,-1.35074e-08,-0.309013,-1.96628,-1.78271,-1.18653,-0.894426,-0.447216,1.95484e-08,-0.951058,-1.35074e-08,-0.309013,-0.951058,1.35074e-08,0.309013,-0.587786,3.53632e-08,0.809017,-0.723607,0.44722,0.525725,-0.951058,1.35074e-08,0.309013,-2.49139,-1.33794,1.99986,-0.587786,3.53632e-08,0.809017,-2.49139,-1.33794,1.99986,-0.276388,-0.44722,0.850649,-0.587786,3.53632e-08,0.809017,0,4.37114e-08,1,0.587786,3.53632e-08,0.809017,0.276388,0.44722,0.850649,0,4.37114e-08,1,1.20066,-1.26459,2.52388,0.587786,3.53632e-08,0.809017,1.20066,-1.26459,2.52388,0.723607,-0.447219,0.525725,0.587786,3.53632e-08,0.809017,0.951058,1.35074e-08,0.309013,0.951058,-1.35074e-08,-0.309013,0.894426,0.447216,-1.95484e-08,0.951058,1.35074e-08,0.309013,2.67332,-1.27773,-0.0238811,0.951058,-1.35074e-08,-0.309013,2.67332,-1.27773,-0.0238811,0.723607,-0.44722,-0.525725,0.951058,-1.35074e-08,-0.309013,0.425323,-0.850654,-0.309011,1.00172,-1.46153,-2.33346,0.723607,-0.44722,-0.525725,0.425323,-0.850654,-0.309011,-0.162456,-0.850654,-0.499995,1.00172,-1.46153,-2.33346,-0.162456,-0.850654,-0.499995,-0.276388,-0.44722,-0.850649,1.00172,-1.46153,-2.33346,-0.162456,-0.850654,-0.499995,-1.96628,-1.78271,-1.18653,-0.276388,-0.44722,-0.850649,-0.162456,-0.850654,-0.499995,-0.52573,-0.850652,3.71832e-08,-1.96628,-1.78271,-1.18653,-0.52573,-0.850652,3.71832e-08,-0.894426,-0.447216,1.95484e-08,-1.96628,-1.78271,-1.18653,-0.52573,-0.850652,3.71832e-08,-2.49139,-1.33794,1.99986,-0.894426,-0.447216,1.95484e-08,-0.52573,-0.850652,3.71832e-08,-0.162456,-0.850654,0.499995,-2.49139,-1.33794,1.99986,-0.162456,-0.850654,0.499995,-0.276388,-0.44722,0.850649,-2.49139,-1.33794,1.99986,2.67332,-1.27773,-0.0238811,0.425323,-0.850654,-0.309011,0.723607,-0.44722,-0.525725,2.67332,-1.27773,-0.0238811,0.425323,-0.850654,0.309011,0.425323,-0.850654,-0.309011,0.425323,-0.850654,0.309011,-0.247228,-2.74988,0.486081,0.425323,-0.850654,-0.309011,-0.162456,-0.850654,0.499995,1.20066,-1.26459,2.52388,-0.276388,-0.44722,0.850649,-0.162456,-0.850654,0.499995,0.425323,-0.850654,0.309011,1.20066,-1.26459,2.52388,0.425323,-0.850654,0.309011,0.723607,-0.447219,0.525725,1.20066,-1.26459,2.52388],
                "itemSize":3,
                "type":"Float32Array"
            },